{"cameraMode":{"drawMode":0,"name":"Shaded","section":"Shading Mode"},"sceneLighting":true,"audioPlay":false,"sceneViewState":{"m_AlwaysRefresh":false,"showFog":true,"showSkybox":true,"showFlares":true,"showImageEffects":true,"showParticleSystems":true,"showVisualEffectGraphs":true,"m_FxEnabled":true},"in2DMode":false,"pivot":{"x":-5.9352264404296879,"y":7.570030689239502,"z":-11.001205444335938},"rotation":{"x":-0.05516374111175537,"y":0.10494024306535721,"z":-0.005845104809850454,"w":-0.9929457306861877},"size":11.65329647064209,"orthographic":true}