{"cameraMode":{"drawMode":0,"name":"Shaded","section":"Shading Mode"},"sceneLighting":true,"audioPlay":false,"sceneViewState":{"m_AlwaysRefresh":false,"showFog":true,"showSkybox":true,"showFlares":true,"showImageEffects":true,"showParticleSystems":true,"showVisualEffectGraphs":true,"m_FxEnabled":true},"in2DMode":false,"pivot":{"x":-15.184494018554688,"y":0.6739042401313782,"z":0.3293900489807129},"rotation":{"x":-0.202589750289917,"y":0.0046920557506382469,"z":-0.00099475821480155,"w":-0.9792715907096863},"size":7.031857490539551,"orthographic":true}