{"cameraMode":{"drawMode":0,"name":"Shaded","section":"Shading Mode"},"sceneLighting":true,"audioPlay":false,"sceneViewState":{"m_AlwaysRefresh":false,"showFog":true,"showSkybox":true,"showFlares":true,"showImageEffects":true,"showParticleSystems":true,"showVisualEffectGraphs":true,"m_FxEnabled":true},"in2DMode":false,"pivot":{"x":-16.440000534057618,"y":3.5699996948242189,"z":-0.24000000953674317},"rotation":{"x":-0.05516374111175537,"y":0.10494024306535721,"z":-0.005845104809850454,"w":-0.9929457306861877},"size":10.665349960327149,"orthographic":true}